Company,Symbol,Headline,Source,PublishedAt
Apple Inc.,AAPL,Apple Inc. (NASDAQ:AAPL) Shares Sold by Brown Financial Advisors,ETF Daily News,2025-05-04T07:45:11Z
Apple Inc.,AAPL,Apple Inc. (NASDAQ:AAPL) Shares Bought by Wrapmanager Inc.,ETF Daily News,2025-05-04T07:45:10Z
Apple Inc.,AAPL,Hendley & Co. Inc. Has $17.67 Million Holdings in Apple Inc. (NASDAQ:AAPL),ETF Daily News,2025-05-04T07:45:10Z
Apple Inc.,AAPL,Apple Inc. (NASDAQ:AAPL) is Mengis Capital Management Inc.'s Largest Position,ETF Daily News,2025-05-04T07:07:10Z
Apple Inc.,AAPL,Pine Valley Investments Ltd Liability Co Has $50.77 Million Stake in Apple Inc. (NASDAQ:AAPL),ETF Daily News,2025-05-04T07:07:05Z
Apple Inc.,AAPL,"Skylands Capital LLC Sells 18,000 Shares of Apple Inc. (NASDAQ:AAPL)",ETF Daily News,2025-05-04T07:07:03Z
Apple Inc.,AAPL,Impax Asset Management Group plc Has $140.65 Million Holdings in Apple Inc. (NASDAQ:AAPL),ETF Daily News,2025-05-04T07:07:03Z
Apple Inc.,AAPL,Prasad Wealth Partners LLC Purchases New Position in Apple Inc. (NASDAQ:AAPL),ETF Daily News,2025-05-04T07:07:00Z
Apple Inc.,AAPL,Retail Stocks To Research – May 2nd,ETF Daily News,2025-05-04T06:38:44Z
Apple Inc.,AAPL,Apple (NASDAQ:AAPL) Earns "Buy" Rating from Needham & Company LLC,ETF Daily News,2025-05-04T06:32:55Z
Apple Inc.,AAPL,Apple (NASDAQ:AAPL) Price Target Cut to $245.00 by Analysts at Monness Crespi & Hardt,ETF Daily News,2025-05-04T06:32:55Z
Apple Inc.,AAPL,Apple (NASDAQ:AAPL) Stock Price Down 3.7% After Analyst Downgrade,ETF Daily News,2025-05-04T05:43:37Z
Apple Inc.,AAPL,"Tim Cook says 'inspired' by Warren Buffett's wisdom, heaps praise on Berkshire Hathaway founder",Livemint,2025-05-04T04:12:37Z
Apple Inc.,AAPL,"Warren Buffett To Step Down, Greg Abel To Be New Berkshire Hathaway CEO",NDTV News,2025-05-04T01:45:18Z
Apple Inc.,AAPL,Warren Buffett Is Getting Richer In 2025 — And It's Not Because Of Apple: How One Chinese Holding Is Helping,Yahoo Entertainment,2025-05-04T00:59:46Z
Apple Inc.,AAPL,Buffett to Step Down Following Six-Decade Run Atop Berkshire,Financial Post,2025-05-03T20:03:22Z
Apple Inc.,AAPL,Apple rumored to change iPhone release schedule,Biztoc.com,2025-05-03T15:49:42Z
Apple Inc.,AAPL,Apple (NASDAQ:AAPL) Shares Gap Down After Analyst Downgrade,ETF Daily News,2025-05-03T08:20:44Z
Apple Inc.,AAPL,Apple and Anthropic Join Forces to Launch AI-Powered Coding Platform,WebProNews,2025-05-03T07:55:33Z
Apple Inc.,AAPL,New World Advisors LLC Has $6.57 Million Position in Apple Inc. (NASDAQ:AAPL),ETF Daily News,2025-05-03T07:46:58Z
Apple Inc.,AAPL,Apple Inc. (NASDAQ:AAPL) Stock Holdings Reduced by RPG Investment Advisory LLC,ETF Daily News,2025-05-03T07:46:55Z
Apple Inc.,AAPL,Partners Wealth Management LLC Makes New $6.44 Million Investment in Apple Inc. (NASDAQ:AAPL),ETF Daily News,2025-05-03T07:46:55Z
Apple Inc.,AAPL,"Cape ANN Savings Bank Sells 1,416 Shares of Apple Inc. (NASDAQ:AAPL)",ETF Daily News,2025-05-03T07:46:55Z
Apple Inc.,AAPL,B&D White Capital Company LLC Grows Stock Position in Apple Inc. (NASDAQ:AAPL),ETF Daily News,2025-05-03T07:46:54Z
Apple Inc.,AAPL,"Waverton Investment Management Ltd Buys 50,893 Shares of Apple Inc. (NASDAQ:AAPL)",ETF Daily News,2025-05-03T07:46:54Z
Apple Inc.,AAPL,Apple Inc. (NASDAQ:AAPL) Shares Sold by Moisand Fitzgerald Tamayo LLC,ETF Daily News,2025-05-03T07:46:51Z
Apple Inc.,AAPL,Apple Inc. (NASDAQ:AAPL) Stock Position Lifted by IFP Advisors Inc,ETF Daily News,2025-05-03T07:46:51Z
Apple Inc.,AAPL,Wharton Business Group LLC Cuts Stock Holdings in Apple Inc. (NASDAQ:AAPL),ETF Daily News,2025-05-03T07:11:07Z
Apple Inc.,AAPL,BCGM Wealth Management LLC Sells 277 Shares of Apple Inc. (NASDAQ:AAPL),ETF Daily News,2025-05-03T07:11:07Z
Apple Inc.,AAPL,"Ascent Wealth Partners LLC Acquires 9,293 Shares of Apple Inc. (NASDAQ:AAPL)",ETF Daily News,2025-05-03T07:11:06Z
Apple Inc.,AAPL,Promising Technology Stocks Worth Watching – May 1st,ETF Daily News,2025-05-03T06:02:49Z
Apple Inc.,AAPL,Apple's (AAPL) Buy Rating Reiterated at Rosenblatt Securities,ETF Daily News,2025-05-03T05:52:54Z
Apple Inc.,AAPL,Apple (NASDAQ:AAPL) Price Target Cut to $173.00 by Analysts at Barclays,ETF Daily News,2025-05-03T05:52:54Z
Apple Inc.,AAPL,Apple (NASDAQ:AAPL) Given New $230.00 Price Target at Raymond James,ETF Daily News,2025-05-03T05:52:53Z
Apple Inc.,AAPL,Loop Capital Lowers Apple (NASDAQ:AAPL) Price Target to $215.00,ETF Daily News,2025-05-03T05:52:51Z
Apple Inc.,AAPL,Is Apple Inc. (AAPL) the Best NASDAQ Stock to Buy According to Billionaires?,Yahoo Entertainment,2025-05-02T21:42:37Z
Apple Inc.,AAPL,What Is Deductive Reasoning? Art of Thinking Like Sherlock,Nofilmschool.com,2025-05-02T21:32:56Z
Apple Inc.,AAPL,U.S. to demand Google break up its online advertising business,Financial Post,2025-05-02T20:35:06Z
Apple Inc.,AAPL,This Apple Analyst Is No Longer Bullish; Here Are Top 5 Downgrades For Friday,Biztoc.com,2025-05-02T17:56:52Z
Apple Inc.,AAPL,"Other Barks & Bites for Friday, May 2: PERA and PREVAIL Act Reintroduced in Congress; USTR Moves Mexico to Priority Watch List in Special 301 Report; and Fourth Circuit Affirms CAFC's Exclusive Jurisdiction Over Patent Misuse Counterclaims",IPWatchdog.com,2025-05-02T16:15:12Z
Apple Inc.,AAPL,Apple hit with pair of downgrades as tariff worries grow,Financial Post,2025-05-02T14:40:57Z
Apple Inc.,AAPL,Apple Stock Falls After Cook Warns of $900M Tariff Impact,Biztoc.com,2025-05-02T14:28:00Z
Apple Inc.,AAPL,"Apple Hit With Downgrades as Tariff, Growth Worries Increase",Biztoc.com,2025-05-02T14:17:22Z
Apple Inc.,AAPL,Apple Hit With Two Downgrades as Tariff and Growth Worries Grow,Yahoo Entertainment,2025-05-02T12:26:24Z
Apple Inc.,AAPL,Jim Cramer on Apple Inc. (AAPL): 'The Most Obvious Story in America for Years and Years',Yahoo Entertainment,2025-05-02T11:43:38Z
Apple Inc.,AAPL,Tim Cook Tells Commerce Secretary Lutnick How Apple 'Could' Bring iPhone Manufacturing To US,Biztoc.com,2025-05-02T11:43:00Z
Apple Inc.,AAPL,Summit Asset Management LLC Sells 201 Shares of Apple Inc. (NASDAQ:AAPL),ETF Daily News,2025-05-02T10:38:52Z
Apple Inc.,AAPL,Theory Financial LLC Grows Stake in Apple Inc. (NASDAQ:AAPL),ETF Daily News,2025-05-02T10:38:51Z
Apple Inc.,AAPL,Apple Inc. (NASDAQ:AAPL) Shares Sold by DORCHESTER WEALTH MANAGEMENT Co,ETF Daily News,2025-05-02T10:38:51Z
Apple Inc.,AAPL,"Cabot Wealth Management Inc. Sells 4,253 Shares of Apple Inc. (NASDAQ:AAPL)",ETF Daily News,2025-05-02T10:38:50Z
Apple Inc.,AAPL,New England Capital Financial Advisors LLC Has $1.90 Million Position in Apple Inc. (NASDAQ:AAPL),ETF Daily News,2025-05-02T10:38:50Z
Apple Inc.,AAPL,Apple Inc. (NASDAQ:AAPL) Shares Sold by Townsend & Associates Inc,ETF Daily News,2025-05-02T10:38:50Z
Apple Inc.,AAPL,Tim Cook Says iPhone 16 Sales Stronger In Markets With Apple Intelligence Despite Siri Struggles,Biztoc.com,2025-05-02T10:37:20Z
Apple Inc.,AAPL,US-China Possible Trade Talks; Apple & Amazon Disappoint,Omny.fm,2025-05-02T09:36:50Z
Apple Inc.,AAPL,Alexander Randolph Advisory Inc. Trims Stock Position in Apple Inc. (NASDAQ:AAPL),ETF Daily News,2025-05-02T08:47:00Z
Apple Inc.,AAPL,Rainey & Randall Wealth Advisors Inc. Reduces Holdings in Apple Inc. (NASDAQ:AAPL),ETF Daily News,2025-05-02T08:47:00Z
Apple Inc.,AAPL,Apple Inc. (NASDAQ:AAPL) Shares Sold by Elwood & Goetz Wealth Advisory Group LLC,ETF Daily News,2025-05-02T08:47:00Z
Apple Inc.,AAPL,WESPAC Advisors LLC Sells 205 Shares of Apple Inc. (NASDAQ:AAPL),ETF Daily News,2025-05-02T08:47:00Z
Apple Inc.,AAPL,Direxion Daily AAPL Bull 2X Shares (NASDAQ:AAPU) Position Increased by JPMorgan Chase & Co.,ETF Daily News,2025-05-02T07:08:45Z
Apple Inc.,AAPL,Spotify Adds External Subscription Link in App Following Court's Ruling Against Apple In Epic Matter,Biztoc.com,2025-05-02T06:47:42Z
Apple Inc.,AAPL,Share Buyback Program Approved by Apple (NASDAQ:AAPL) Board,ETF Daily News,2025-05-02T05:06:51Z
Apple Inc.,AAPL,"Dan Ives Raises Apple Price Target To $270, Says 'Worst Case Scenario' Off The Table For iPhone Tariffs As Tim Cook Reveals Made In India Move",Biztoc.com,2025-05-02T04:14:44Z
Apple Inc.,AAPL,"Apple CEO Tim Cook Warns Of $900 Million Tariff Impact In June Quarter, Expects Majority Of iPhones Sold In US To Be Made In India",Biztoc.com,2025-05-02T02:14:01Z
Apple Inc.,AAPL,Apple to Source Billions of US-Made Chips in Supply Chain Shift,Yahoo Entertainment,2025-05-02T01:56:00Z
Apple Inc.,AAPL,Apple's stock falls as Tim Cook admits its 'difficult to predict' tariff impact,SiliconANGLE News,2025-05-02T01:17:56Z
Apple Inc.,AAPL,"Asian stocks edge up, US futures erase losses on China trade talks",The Times of India,2025-05-02T01:03:35Z
Apple Inc.,AAPL,Apple CEO expects tariffs to cost $900M in current quarter,Biztoc.com,2025-05-01T21:49:38Z
Apple Inc.,AAPL,"S&P/TSX composite ends lower, U.S. markets climb as tech stocks rise",Financial Post,2025-05-01T21:23:56Z
Apple Inc.,AAPL,"Apple China Sales Miss Estimates, Marring Latest Earnings Report",Livemint,2025-05-01T21:10:27Z
Apple Inc.,AAPL,"Apple Reports 'Strong' Q2 Earnings: Revenue Beat, EPS Beat, Installed Base Hits All-Time High Across All Segments, $100 Billion Buyback And More",Biztoc.com,2025-05-01T21:04:39Z
Apple Inc.,AAPL,Sony is rumored to spin off its Image Sensor Business as a separate company,Photorumors.com,2025-05-01T20:55:39Z
Apple Inc.,AAPL,Court finds that Apple breached 2021 injunction with App Store rules,SiliconANGLE News,2025-05-01T19:23:33Z
Apple Inc.,AAPL,Judge In Apple / Epic Case Is Spitting Mad At Apple's Willful Contempt,Techdirt,2025-05-01T17:58:13Z
Apple Inc.,AAPL,Apple's Strong Services Growth And iPhone Pricing Power Fuel Analyst's Confidence Despite Tariff Risks,Biztoc.com,2025-05-01T17:43:39Z
Apple Inc.,AAPL,New self-healing polymer possesses a quality never before seen at any scale,Phys.Org,2025-05-01T15:36:05Z
Apple Inc.,AAPL,Jim Cramer Braces for Earnings — "We Think They're Going to Miss",Biztoc.com,2025-05-01T14:03:32Z
Apple Inc.,AAPL,Apple Inc. (AAPL): Jim Cramer Braces for Earnings — "We Think They're Going to Miss",Yahoo Entertainment,2025-05-01T13:51:41Z
Apple Inc.,AAPL,How To Earn $500 A Month From Apple Stock Ahead Of Q2 Earnings,Biztoc.com,2025-05-01T13:41:25Z
Apple Inc.,AAPL,"Google Aims For Gemini AI Deal With Apple This Year, Says Sundar Pichai Amid DOJ's Bid To Curb Search Monopoly",Biztoc.com,2025-05-01T10:02:01Z
Apple Inc.,AAPL,Marshall Investment Management LLC Takes Position in Apple Inc. (NASDAQ:AAPL),ETF Daily News,2025-05-01T07:54:50Z
Apple Inc.,AAPL,Apple Inc. (NASDAQ:AAPL) is Lipe & Dalton's Largest Position,ETF Daily News,2025-05-01T07:54:50Z
Apple Inc.,AAPL,Prentice Wealth Management LLC Raises Stock Holdings in Apple Inc. (NASDAQ:AAPL),ETF Daily News,2025-05-01T07:54:50Z
Apple Inc.,AAPL,Apple Inc. (NASDAQ:AAPL) Stake Lifted by Thompson Davis & CO. Inc.,ETF Daily News,2025-05-01T07:54:49Z
Apple Inc.,AAPL,Kintegral Advisory LLC Has $47.05 Million Holdings in Apple Inc. (NASDAQ:AAPL),ETF Daily News,2025-05-01T07:54:49Z
Apple Inc.,AAPL,Camelot Portfolios LLC Has $1.15 Million Stock Holdings in Apple Inc. (NASDAQ:AAPL),ETF Daily News,2025-05-01T07:54:49Z
Apple Inc.,AAPL,Curtis Advisory Group LLC Sells 359 Shares of Apple Inc. (NASDAQ:AAPL),ETF Daily News,2025-05-01T07:54:48Z
Apple Inc.,AAPL,Sigma Planning Corp Decreases Position in Apple Inc. (NASDAQ:AAPL),ETF Daily News,2025-05-01T07:54:48Z
Apple Inc.,AAPL,"371,983 Shares in Apple Inc. (NASDAQ:AAPL) Purchased by Fisher Funds Management LTD",ETF Daily News,2025-05-01T07:54:47Z
Apple Inc.,AAPL,Apple Inc. (NASDAQ:AAPL) Shares Acquired by Element Wealth LLC,ETF Daily News,2025-05-01T07:54:47Z
Apple Inc.,AAPL,"Apple Executive 'Outright Lied,' Says Judge In Epic Case Fallout — Tim Cook 'Chose Poorly'",Biztoc.com,2025-05-01T07:39:50Z
Apple Inc.,AAPL,Apple (NASDAQ:AAPL) Stock Price Down 0.3% on Analyst Downgrade,ETF Daily News,2025-05-01T06:50:52Z
Apple Inc.,AAPL,Apple Inc. (AAPL): Tariffs Force a Price Target Cut — Can Services and AI Keep It Afloat?,Yahoo Entertainment,2025-05-01T03:04:57Z
Apple Inc.,AAPL,"Apple Ordered To Ease App Store Rules In US — Epic Games CEO Tim Sweeney Proposes Peace Deal, Saying 'We'll Return Fortnite' And Drop All Litigation Only If..",Biztoc.com,2025-05-01T01:50:12Z
Apple Inc.,AAPL,Qualcomm beats expectations but its stock wobbles on light revenue forecast,SiliconANGLE News,2025-05-01T01:46:59Z
Apple Inc.,AAPL,Judge blasts Apple for violating App Store ruling. But these analysts aren't concerned,Biztoc.com,2025-05-01T01:39:29Z
Apple Inc.,AAPL,"Apple must halt non-App Store sales commissions, judge says",Biztoc.com,2025-05-01T01:17:33Z